cfg,is_net,is_trades_day,is_fills_day,is_volume,is_win_rate,is_max_dd,is_sharpe_h,is_bps_vol,oos_net,oos_trades_day,oos_fills_day,oos_volume,oos_win_rate,oos_max_dd,oos_sharpe_h,oos_bps_vol
"{""tp"": 12, ""sl"": 4, ""entry_exec"": ""taker"", ""tp_exec"": ""maker"", ""side"": ""both"", ""sticky_s"": 120, ""vol_k"": 2.0}",-98.14661970698398,450.600842056685,901.20168411337,343992.35019745707,0.2953488372093023,98.14661970698398,-107.4581397517962,-2.853162858146301,-35.2995981625063,277.44135236285257,555.66865756526,141399.70020179462,0.3286118980169972,35.60373499571324,-76.38853337780377,-2.4964408066020978
"{""tp"": 6, ""sl"": 8, ""max_hold_s"": null, ""entry_exec"": ""taker"", ""tp_exec"": ""maker"", ""side"": ""both"", ""sticky_s"": 120, ""score_thr"": 0.6, ""regime"": null}",-93.64156768001884,429.1187088888663,858.7613722452404,327789.88353330566,0.5628815628815629,93.67564346805555,-116.35272819759916,-2.856755878816017,-35.45457714056829,279.0132580419622,558.8124689234793,142198.59174368414,0.5943661971830986,35.68432847080112,-89.16143784163776,-2.493314223848003
"{""tp"": 10, ""sl"": 6, ""max_hold_s"": null, ""entry_exec"": ""taker"", ""tp_exec"": ""maker"", ""side"": ""both"", ""sticky_s"": 600, ""score_thr"": 0.35, ""regime"": null}",-95.34259064465004,423.3552097462808,847.2343739600694,323390.876374877,0.3910891089108911,95.34259064465004,-124.5971586737514,-2.948215228376704,-35.52185389794249,282.9430222397364,565.8860444794727,143999.4009689128,0.4388888888888889,35.821813897942775,-79.22450577180949,-2.4668056713382507
"{""tp"": 1000000.0, ""sl"": 6, ""trail_act"": 6, ""trail_dist"": 3, ""max_hold_s"": 300, ""entry_exec"": ""taker"", ""tp_exec"": ""maker"", ""side"": ""both"", ""sticky_s"": 120, ""score_thr"": 0.6, ""regime"": null}",-93.23798068867836,431.7384812264052,863.4769624528103,329598.7587978065,0.2305825242718446,93.26626763374588,-139.09676419283502,-2.8288328824040114,-35.52659971655885,276.6553995232978,553.3107990465955,140801.8377164944,0.2357954545454545,35.66869212099664,-113.3733090817702,-2.5231630703636085
"{""tp"": 1000000.0, ""sl"": 6, ""trail_act"": 6, ""trail_dist"": 3, ""max_hold_s"": 300, ""entry_exec"": ""taker"", ""tp_exec"": ""taker"", ""side"": ""both"", ""sticky_s"": 120, ""score_thr"": 0.6, ""regime"": null}",-93.23798068867836,431.7384812264052,863.4769624528103,329598.7587978065,0.2305825242718446,93.26626763374588,-139.09676419283502,-2.8288328824040114,-35.52659971655885,276.6553995232978,553.3107990465955,140801.8377164944,0.2357954545454545,35.66869212099664,-113.3733090817702,-2.5231630703636085
"{""tp"": 6, ""sl"": 8, ""entry_exec"": ""taker"", ""tp_exec"": ""maker"", ""side"": ""both"", ""sticky_s"": 0, ""vol_k"": 2.0}",-90.97475999044764,427.546845486343,855.093690972686,326390.7734159199,0.571078431372549,90.97475999044764,-117.7784450954652,-2.787295701968832,-35.56091513040519,274.29754100463333,549.3810348488214,139796.32175801374,0.5902578796561605,35.79068741650735,-85.7475133147243,-2.543766150869179
"{""tp"": 8, ""sl"": 4, ""max_hold_s"": null, ""entry_exec"": ""taker"", ""tp_exec"": ""maker"", ""side"": ""both"", ""sticky_s"": 600, ""score_thr"": 0.6, ""regime"": [""no_chase"", 0.2]}",-96.56980453638062,439.073843771514,878.6716420105358,335394.2346690136,0.3723150357995227,96.56980453638062,-119.73180563897466,-2.8792923239029817,-35.62377600601758,275.869446683743,552.5248462070407,140600.22054674284,0.4074074074074074,35.86527046563242,-82.74569072912092,-2.5336927543562693
"{""tp"": 8, ""sl"": 6, ""max_hold_s"": null, ""entry_exec"": ""taker"", ""tp_exec"": ""maker"", ""side"": ""both"", ""sticky_s"": 120, ""score_thr"": 0.6, ""regime"": null}",-93.93930242896568,433.3103446289285,867.1446437253646,330987.75384547084,0.4510278113663845,93.93930242896568,-113.35058853166431,-2.838150394918338,-35.67362399565536,275.869446683743,552.5248462070407,140599.82900184448,0.4786324786324786,35.9106160880674,-86.07059018654073,-2.537245190759611
"{""tp"": 12, ""sl"": 4, ""max_hold_s"": null, ""entry_exec"": ""taker"", ""tp_exec"": ""maker"", ""side"": ""both"", ""sticky_s"": 120, ""score_thr"": 0.35, ""regime"": null}",-99.12803012677432,452.69665992671605,905.393319853432,345592.50389701047,0.2939814814814814,99.12803012677432,-109.48410787016196,-2.8683501235986104,-35.768511267922804,281.3711165606267,563.5281859608082,143399.27068317507,0.329608938547486,36.072648101129744,-77.68530600243076,-2.4943300685921477
"{""tp"": 6, ""sl"": 6, ""entry_exec"": ""taker"", ""tp_exec"": ""maker"", ""side"": ""both"", ""sticky_s"": 120, ""vol_k"": 1.0}",-97.88050469512018,451.1247965241928,902.2495930483856,344389.737449254,0.5063879210220673,97.88050469512018,-94.57326380634026,-2.842143480234887,-35.92445673224756,275.0834938441881,550.9529405279311,140197.9337064056,0.5428571428571428,36.19339550608856,-67.6905695471364,-2.5624098574432974
"{""tp"": 10, ""sl"": 4, ""entry_exec"": ""taker"", ""tp_exec"": ""maker"", ""side"": ""long"", ""sticky_s"": 120, ""vol_k"": 2.0}",-97.31430691300557,434.358253563944,868.716507127888,331591.4724548251,0.3220747889022919,97.31430691300557,-112.36832194034706,-2.934765064751879,-36.10667170297165,274.29754100463333,548.5950820092667,139600.72850684886,0.3610315186246418,36.406631702971936,-78.1410714321324,-2.5864243037385184
"{""tp"": 12, ""sl"": 4, ""entry_exec"": ""taker"", ""tp_exec"": ""taker"", ""side"": ""both"", ""sticky_s"": 120, ""vol_k"": 2.0}",-99.44441152814944,451.1247965241928,902.2495930483856,344395.227330459,0.2950058072009291,99.44441152814944,-111.90479631870184,-2.887508410002707,-36.48214218927024,277.44135236285257,555.66865756526,141401.1671228369,0.3286118980169972,36.78627902247717,-78.7544680039044,-2.5800453370782837
"{""tp"": 6, ""sl"": 6, ""max_hold_s"": null, ""entry_exec"": ""taker"", ""tp_exec"": ""maker"", ""side"": ""long"", ""sticky_s"": 600, ""score_thr"": 0.6, ""regime"": null}",-94.98974957972132,422.831255278773,846.1864650250538,322986.0904491537,0.4931846344485749,94.98974957972132,-138.12485138640426,-2.9409857696232633,-36.65889613840409,273.5115881650785,547.8091291697117,139397.76910880228,0.5287356321839081,36.846730488372486,-89.98799644951205,-2.629805080294449
"{""tp"": 6, ""sl"": 6, ""max_hold_s"": null, ""entry_exec"": ""taker"", ""tp_exec"": ""maker"", ""side"": ""long"", ""sticky_s"": 30, ""score_thr"": 0.6, ""regime"": null}",-94.98974957972132,422.831255278773,846.1864650250538,322986.0904491537,0.4931846344485749,94.98974957972132,-138.12485138640426,-2.9409857696232633,-36.65889613840409,273.5115881650785,547.8091291697117,139397.76910880228,0.5287356321839081,36.84696809531124,-89.98799644950971,-2.629805080294449
"{""tp"": 6, ""sl"": 6, ""max_hold_s"": null, ""entry_exec"": ""taker"", ""tp_exec"": ""maker"", ""side"": ""long"", ""sticky_s"": 120, ""score_thr"": 0.6, ""regime"": null}",-94.98974957972132,422.831255278773,846.1864650250538,322986.0904491537,0.4931846344485749,94.98974957972132,-138.12485138640426,-2.9409857696232633,-36.65889613840409,273.5115881650785,547.8091291697117,139397.76910880228,0.5287356321839081,36.84696809531124,-89.98799644950971,-2.629805080294449
"{""tp"": 6, ""sl"": 8, ""max_hold_s"": 300, ""entry_exec"": ""taker"", ""tp_exec"": ""maker"", ""side"": ""both"", ""sticky_s"": 30, ""score_thr"": 0.6, ""regime"": null}",-89.95904481414982,428.5947544213586,857.1895088427171,327194.79260146094,0.4987775061124694,89.98733175921734,-116.324132072988,-2.749403317177003,-36.81305648779926,283.7289750792912,567.4579501585824,144399.49807991058,0.4875346260387811,36.86324553087616,-94.1120841834628,-2.5493895046246586
"{""tp"": 8, ""sl"": 6, ""entry_exec"": ""taker"", ""tp_exec"": ""maker"", ""side"": ""both"", ""sticky_s"": 120, ""lean_min"": 0.2}",-95.763337891196,451.6487509917006,903.821456450909,344990.3075275591,0.4559164733178654,95.763337891196,-119.47081407498366,-2.7758269088051426,-36.84321260739125,295.5182676726135,591.036535345227,150400.15190268765,0.4893617021276595,37.08230578597431,-90.28026717325706,-2.449679215166595
"{""tp"": 10, ""sl"": 4, ""max_hold_s"": 300, ""entry_exec"": ""taker"", ""tp_exec"": ""maker"", ""side"": ""long"", ""sticky_s"": 120, ""score_thr"": 0.6, ""regime"": null}",-92.20622941275178,420.2114829412342,840.4229658824684,320795.5840057902,0.2930174563591022,92.23451635781748,-114.36666549062116,-2.8742985879471306,-36.847609478292725,275.869446683743,551.738893367486,140401.4690312308,0.301994301994302,36.96758947829221,-89.48601397976852,-2.6244461494983624
"{""tp"": 8, ""sl"": 4, ""max_hold_s"": null, ""entry_exec"": ""taker"", ""tp_exec"": ""maker"", ""side"": ""both"", ""sticky_s"": 0, ""score_thr"": 0.35, ""regime"": null}",-92.8813896465308,438.0259348364985,876.051869672997,334393.4241813272,0.3827751196172249,92.8813896465308,-125.98899270284129,-2.777608138495128,-36.90264372940874,283.7289750792912,567.4579501585824,144398.7080141307,0.4099722991689751,37.14643989828619,-86.366879856481,-2.5556076115166824
"{""tp"": 6, ""sl"": 4, ""max_hold_s"": null, ""entry_exec"": ""taker"", ""tp_exec"": ""maker"", ""side"": ""both"", ""sticky_s"": 120, ""score_thr"": 0.6, ""regime"": [""no_chase"", 0.2]}",-101.7633355820617,456.8882956667783,913.7765913335566,348791.7568300666,0.4197247706422018,101.7633355820617,-103.98627103382044,-2.917595774249946,-36.96587478838774,280.58516372107186,561.1703274421437,142799.45413070932,0.4649859943977591,37.18684844336895,-75.62165869742887,-2.588656589299815
"{""tp"": 6, ""sl"": 8, ""entry_exec"": ""taker"", ""tp_exec"": ""maker"", ""side"": ""both"", ""sticky_s"": 120, ""fund_tilt"": true}",-92.00052603051518,426.4989365513274,852.9978731026548,325591.9509716917,0.5638820638820639,92.00052603051518,-127.69001732454711,-2.8256388327767374,-36.97765537353189,285.3008807584008,571.3877143563565,145397.81089030704,0.5867768595041323,37.20740670376472,-93.66201126269873,-2.5432057846750573
"{""tp"": 10, ""sl"": 6, ""max_hold_s"": null, ""entry_exec"": ""taker"", ""tp_exec"": ""taker"", ""side"": ""both"", ""sticky_s"": 600, ""score_thr"": 0.35, ""regime"": null}",-97.1902647472125,423.3552097462808,847.2343739600694,323395.0640970686,0.3910891089108911,97.1902647472125,-132.73111140371887,-3.005310703135542,-37.034395623131786,282.9430222397364,565.8860444794727,144001.28838155456,0.4388888888888889,37.27790596824889,-83.90008939801342,-2.571810019157829
"{""tp"": 8, ""sl"": 4, ""max_hold_s"": null, ""entry_exec"": ""taker"", ""tp_exec"": ""taker"", ""side"": ""both"", ""sticky_s"": 600, ""score_thr"": 0.6, ""regime"": [""no_chase"", 0.2]}",-99.80059597272702,439.073843771514,878.6716420105358,335400.453222599,0.373508353221957,99.80059597272702,-126.5094244403712,-2.9755653283655894,-37.09194245029357,275.869446683743,552.5248462070407,140602.89915143323,0.4074074074074074,37.33524704187403,-87.88218096726426,-2.6380638432173806
"{""tp"": 12, ""sl"": 4, ""max_hold_s"": null, ""entry_exec"": ""taker"", ""tp_exec"": ""taker"", ""side"": ""both"", ""sticky_s"": 120, ""score_thr"": 0.35, ""regime"": null}",-100.44263445924662,453.22061439422384,906.4412287884476,345995.3642124558,0.2936416184971098,100.44263445924662,-114.05731236777495,-2.9030052089822393,-37.1096827154397,282.1570694001815,565.1000916399179,143800.85312009972,0.3286908077994429,37.41381954864664,-80.43992603691953,-2.5806302195193798
"{""tp"": 1000000.0, ""sl"": 10, ""trail_act"": 8, ""trail_dist"": 4, ""max_hold_s"": 120, ""entry_exec"": ""taker"", ""tp_exec"": ""taker"", ""side"": ""both"", ""sticky_s"": 120, ""score_thr"": 0.6, ""regime"": null}",-91.89532377807882,420.2114829412342,840.4229658824684,320798.36937367,0.2094763092269326,91.89532377807882,-163.98660269106716,-2.864582010111092,-37.18919327416916,275.0834938441881,550.1669876883763,140000.19625150162,0.2171428571428571,37.349638227833566,-123.78245587858518,-2.6563672244688212
"{""tp"": 1000000.0, ""sl"": 10, ""trail_act"": 8, ""trail_dist"": 4, ""max_hold_s"": 120, ""entry_exec"": ""taker"", ""tp_exec"": ""maker"", ""side"": ""both"", ""sticky_s"": 120, ""score_thr"": 0.6, ""regime"": null}",-91.89532377807882,420.2114829412342,840.4229658824684,320798.36937367,0.2094763092269326,91.89532377807882,-163.98660269106716,-2.864582010111092,-37.18919327416916,275.0834938441881,550.1669876883763,140000.19625150162,0.2171428571428571,37.349638227833566,-123.78245587858518,-2.6563672244688212
"{""tp"": 6, ""sl"": 8, ""max_hold_s"": null, ""entry_exec"": ""taker"", ""tp_exec"": ""maker"", ""side"": ""both"", ""sticky_s"": 0, ""score_thr"": 0.35, ""regime"": null}",-91.5175087967,431.7384812264052,863.4769624528103,329591.5917958065,0.5728155339805825,91.5175087967,-119.30405512981534,-2.7766942808843953,-37.23291506146961,293.1604091539491,587.106771147453,149397.0937174664,0.5951742627345844,37.46268734757177,-90.00876656048233,-2.492211470450888
"{""tp"": 8, ""sl"": 6, ""max_hold_s"": null, ""entry_exec"": ""taker"", ""tp_exec"": ""maker"", ""side"": ""both"", ""sticky_s"": 600, ""score_thr"": 0.6, ""regime"": null}",-100.14601650449733,454.2685233292394,909.0610011259864,346986.2140666209,0.4429065743944637,100.21489935442514,-120.82612098720448,-2.886167013115669,-37.35477564764187,286.08683359795566,572.9596200354661,145799.67705266108,0.4752747252747252,37.59153007502573,-86.04722901126974,-2.562061617883405
"{""tp"": 1000000.0, ""sl"": 6, ""trail_act"": 6, ""trail_dist"": 3, ""max_hold_s"": null, ""entry_exec"": ""taker"", ""tp_exec"": ""maker"", ""side"": ""both"", ""sticky_s"": 120, ""score_thr"": 0.35, ""regime"": null}",-98.51290673621588,449.0289786541617,898.5819117758313,342996.18950698525,0.2427071178529755,98.51290673621588,-140.28786251359844,-2.8721283136648266,-37.37357406312731,280.58516372107186,561.1703274421437,142801.39792665036,0.2549019607843137,37.53283670998644,-95.39975205439988,-2.6171714427000334
"{""tp"": 1000000.0, ""sl"": 6, ""trail_act"": 6, ""trail_dist"": 3, ""max_hold_s"": null, ""entry_exec"": ""taker"", ""tp_exec"": ""taker"", ""side"": ""both"", ""sticky_s"": 120, ""score_thr"": 0.35, ""regime"": null}",-98.51290673621588,449.0289786541617,898.5819117758313,342996.18950698525,0.2427071178529755,98.51290673621588,-140.28786251359844,-2.8721283136648266,-37.37357406312731,280.58516372107186,561.1703274421437,142801.39792665036,0.2549019607843137,37.53283670998644,-95.39975205439988,-2.6171714427000334
"{""tp"": 10, ""sl"": 4, ""max_hold_s"": null, ""entry_exec"": ""taker"", ""tp_exec"": ""maker"", ""side"": ""long"", ""sticky_s"": 120, ""score_thr"": 0.35, ""regime"": null}",-97.29933295654882,434.8822080314518,869.7644160629036,331991.5674172703,0.3228915662650602,97.29933295654882,-112.47605140187208,-2.9307772397199536,-37.37797447680896,281.3711165606267,562.7422331212534,143200.45704263583,0.3575418994413408,37.67793447680742,-81.43605406107703,-2.610185417612195
"{""tp"": 8, ""sl"": 6, ""max_hold_s"": null, ""entry_exec"": ""taker"", ""tp_exec"": ""maker"", ""side"": ""both"", ""sticky_s"": 30, ""score_thr"": 0.35, ""regime"": null}",-96.26306111616395,447.98106971914615,896.4860939058001,342189.2315160914,0.4549707602339181,96.26306111616395,-108.4549285860675,-2.8131528479041923,-37.401864875108,288.4446921166201,576.8893842332402,146799.12699977087,0.4822888283378747,37.640958053689246,-84.08278919464304,-2.5478261103805044
"{""tp"": 1000000.0, ""sl"": 10, ""trail_act"": 6, ""trail_dist"": 3, ""max_hold_s"": 120, ""entry_exec"": ""taker"", ""tp_exec"": ""maker"", ""side"": ""both"", ""sticky_s"": 120, ""score_thr"": 0.6, ""regime"": null}",-98.24213846943894,440.1217527065296,880.2435054130592,335997.5255521857,0.2,98.24213846943894,-152.7385470472265,-2.9238947015453656,-37.44040875153587,284.514927918846,569.029855837692,144801.47164633422,0.223756906077348,37.60085370520028,-129.96033073788234,-2.585637309196761
"{""tp"": 1000000.0, ""sl"": 10, ""trail_act"": 6, ""trail_dist"": 3, ""max_hold_s"": 120, ""entry_exec"": ""taker"", ""tp_exec"": ""taker"", ""side"": ""both"", ""sticky_s"": 120, ""score_thr"": 0.6, ""regime"": null}",-98.24213846943894,440.1217527065296,880.2435054130592,335997.5255521857,0.2,98.24213846943894,-152.7385470472265,-2.9238947015453656,-37.44040875153587,284.514927918846,569.029855837692,144801.47164633422,0.223756906077348,37.60085370520028,-129.96033073788234,-2.585637309196761
"{""tp"": 15, ""sl"": 6, ""trail_act"": 4, ""trail_dist"": 2, ""max_hold_s"": null, ""entry_exec"": ""taker"", ""tp_exec"": ""maker"", ""side"": ""long"", ""sticky_s"": 120, ""score_thr"": 0.6, ""regime"": null}",-97.9508673358432,432.26243569391295,865.0488258553337,330199.0996061457,0.1903030303030303,97.9508673358432,-138.67813867399806,-2.9664183655460254,-37.50301156679416,275.869446683743,552.5248462070407,140603.44931343585,0.2079772079772079,37.7829868850622,-85.17235876636296,-2.667289582860214
"{""tp"": 12, ""sl"": 4, ""max_hold_s"": 300, ""entry_exec"": ""taker"", ""tp_exec"": ""maker"", ""side"": ""both"", ""sticky_s"": 600, ""score_thr"": 0.6, ""regime"": [""no_chase"", 0.2]}",-94.28623421261727,418.1156650712031,836.7552846099139,319394.8395928425,0.2593984962406015,94.28623421261727,-134.4559929307229,-2.9520274758606395,-37.52219939581482,280.58516372107186,561.1703274421437,142801.49021261308,0.2549019607843137,37.66405408418723,-121.05772158514895,-2.6275775791939626
"{""tp"": 10, ""sl"": 6, ""trail_act"": 4, ""trail_dist"": 2, ""max_hold_s"": null, ""entry_exec"": ""taker"", ""tp_exec"": ""maker"", ""side"": ""long"", ""sticky_s"": 120, ""score_thr"": 0.6, ""regime"": null}",-99.57224095833952,446.4092063166228,893.3423671007534,340996.8747850783,0.210093896713615,99.57224095833952,-135.8476211455312,-2.9200338279081706,-37.54319613248299,285.3008807584008,571.3877143563565,145403.28812051215,0.2396694214876033,37.80105904631273,-88.12127455189425,-2.5820046174861395
"{""tp"": 8, ""sl"": 6, ""max_hold_s"": null, ""entry_exec"": ""taker"", ""tp_exec"": ""taker"", ""side"": ""both"", ""sticky_s"": 120, ""score_thr"": 0.6, ""regime"": null}",-97.8346039143962,433.8342990964362,868.1925526603802,331392.7501199633,0.4516908212560386,97.8346039143962,-120.55489091634266,-2.9522252336232557,-37.59420043571481,275.869446683743,552.5248462070407,140602.08161254768,0.4786324786324786,37.83119252812685,-90.7313411974215,-2.6738011275901203
"{""tp"": 12, ""sl"": 4, ""max_hold_s"": 300, ""entry_exec"": ""taker"", ""tp_exec"": ""maker"", ""side"": ""both"", ""sticky_s"": 120, ""score_thr"": 0.6, ""regime"": null}",-99.61777514643472,461.6038858743482,923.2077717486964,352397.6224779573,0.2735527809307605,99.64606209150044,-126.4708393485324,-2.8268571860942644,-37.6296163261959,294.7323148330587,589.4646296661174,150000.4970886087,0.2746666666666666,37.77170873063369,-105.64895729272196,-2.5086327749945543
"{""tp"": 15, ""sl"": 4, ""max_hold_s"": 120, ""entry_exec"": ""taker"", ""tp_exec"": ""maker"", ""side"": ""both"", ""sticky_s"": 0, ""score_thr"": 0.35, ""regime"": null}",-97.82389396367398,440.6457071740373,881.2914143480746,336395.79707480624,0.187871581450654,97.82389396367398,-171.36876723346498,-2.907999886274451,-37.65403387518563,291.5885034748394,583.1770069496788,148402.81219722828,0.2102425876010781,37.83499137287072,-113.39459423904492,-2.537285737223307
"{""tp"": 12, ""sl"": 4, ""max_hold_s"": null, ""entry_exec"": ""taker"", ""tp_exec"": ""maker"", ""side"": ""both"", ""sticky_s"": 600, ""score_thr"": 0.6, ""regime"": null}",-99.71010262238816,450.0768875891772,900.6777296458622,343792.60580565763,0.2910360884749709,99.79286885091096,-123.73711457876156,-2.900298055821283,-37.71203689707363,282.1570694001815,565.1000916399179,143799.3803514025,0.3175487465181058,37.99181144900285,-95.85003801059165,-2.622545160133287
"{""tp"": 8, ""sl"": 4, ""entry_exec"": ""maker"", ""tp_exec"": ""maker"", ""maker_wait_s"": 60, ""side"": ""both"", ""sticky_s"": 120, ""lean_min"": 0.2}",-101.0533431249678,461.6038858743482,923.2077717486964,352376.48854874563,0.2485811577752553,101.08795148281024,-123.0903129168658,-2.8677663354088585,-37.73956761100453,276.6553995232978,554.0967518861504,140993.46565707106,0.2670454545454545,37.87747532002141,-83.29267441663202,-2.67668912421771
"{""tp"": 6, ""sl"": 15, ""max_hold_s"": 120, ""entry_exec"": ""taker"", ""tp_exec"": ""maker"", ""side"": ""both"", ""sticky_s"": 30, ""score_thr"": 0.6, ""regime"": null}",-88.81482726477589,418.63961953871086,837.2792390774217,319595.05996763014,0.3779724655819774,88.81482726477589,-137.4473599259781,-2.7789799777809896,-37.74458710464751,275.0834938441881,550.1669876883763,139998.90244023487,0.3257142857142857,37.81312869695103,-110.62387825907078,-2.696063072405911
"{""tp"": 6, ""sl"": 4, ""max_hold_s"": 300, ""entry_exec"": ""taker"", ""tp_exec"": ""maker"", ""side"": ""both"", ""sticky_s"": 120, ""score_thr"": 0.6, ""regime"": [""no_chase"", 0.2]}",-100.9878668223082,458.46015906930165,916.9203181386032,349993.91780519794,0.3977142857142857,101.01615376737573,-102.3789725238172,-2.88541776541719,-37.81739929608375,282.1570694001815,564.314138800363,143598.60209862416,0.4122562674094707,37.88097789214044,-77.30147415513531,-2.6335492646446927
"{""tp"": 15, ""sl"": 4, ""max_hold_s"": 120, ""entry_exec"": ""taker"", ""tp_exec"": ""taker"", ""side"": ""both"", ""sticky_s"": 0, ""score_thr"": 0.35, ""regime"": null}",-96.44852582021304,440.6457071740373,881.2914143480746,336396.4009029096,0.187871581450654,96.44852582021304,-178.23790672828568,-2.8671093258233142,-37.83594361984069,291.5885034748394,583.1770069496788,148403.11963948762,0.2102425876010781,38.01690111752578,-114.21929153591108,-2.54953829217032
"{""tp"": 15, ""sl"": 6, ""trail_act"": 4, ""trail_dist"": 2, ""max_hold_s"": null, ""entry_exec"": ""taker"", ""tp_exec"": ""taker"", ""side"": ""long"", ""sticky_s"": 120, ""score_thr"": 0.6, ""regime"": null}",-97.31470472568616,432.26243569391295,865.0488258553337,330201.85977680754,0.1903030303030303,97.31470472568616,-142.19643349650428,-2.9471276991433,-37.91052260923425,275.869446683743,552.5248462070407,140604.24384075156,0.2079772079772079,38.19049792750229,-85.7308732319725,-2.696257351390597
"{""tp"": 12, ""sl"": 6, ""max_hold_s"": 120, ""entry_exec"": ""taker"", ""tp_exec"": ""maker"", ""side"": ""both"", ""sticky_s"": 30, ""score_thr"": 0.6, ""regime"": null}",-92.3658113057736,422.831255278773,845.662510557546,322795.80754440575,0.231722428748451,92.4359161520988,-149.96222244217262,-2.8614315659309546,-37.91870360944267,277.44135236285257,554.8827047257051,141200.9246892167,0.2266288951841359,38.07914856310708,-106.50067188961071,-2.6854430091659633
"{""tp"": 10, ""sl"": 6, ""trail_act"": 6, ""trail_dist"": 3, ""entry_exec"": ""taker"", ""tp_exec"": ""maker"", ""side"": ""both"", ""sticky_s"": 120, ""fund_tilt"": true}",-95.93624646617718,456.36434119927054,912.7286823985412,348396.5324980551,0.2847301951779564,95.93624646617718,-139.17804091073666,-2.7536510130654857,-37.94552500719146,291.5885034748394,583.1770069496788,148401.71118421567,0.307277628032345,38.08267524961229,-92.50655773549036,-2.556946594779389
"{""tp"": 30, ""sl"": 4, ""max_hold_s"": 120, ""entry_exec"": ""taker"", ""tp_exec"": ""taker"", ""side"": ""both"", ""sticky_s"": 0, ""score_thr"": 0.35, ""regime"": null}",-88.13414527819623,419.6875284737264,839.3750569474528,320397.02001486823,0.1847690387016229,88.13414527819623,-193.0249924279999,-2.7507791824688725,-37.95939726264078,279.79921088151707,559.5984217630341,142402.70943736992,0.196629213483146,38.14035476032405,-109.95385039168602,-2.6656372910752575
"{""tp"": 8, ""sl"": 4, ""max_hold_s"": null, ""entry_exec"": ""taker"", ""tp_exec"": ""taker"", ""side"": ""both"", ""sticky_s"": 0, ""score_thr"": 0.35, ""regime"": null}",-95.45087279477411,438.0259348364985,876.051869672997,334397.7353527579,0.3827751196172249,95.45087279477411,-134.79439240926973,-2.854411459876739,-37.96663771346175,283.7289750792912,567.4579501585824,144400.82772534495,0.4099722991689751,38.17854336988057,-90.23088174551216,-2.6292534683856195
