variant,segment,net,gross,fees,volume,fills,trades,fills_per_day,trades_per_day,volume_per_day,net_bps_of_volume,win_rate,avg_win,avg_loss,max_dd,sharpe_hourly_ann,long_trades,short_trades,long_pnl,short_pnl,hours,net_with_funding,cfg,fills_pct_of_current,HF_ok(>=70%)
A current (TP6/SL6 taker),full,-190.33876410779158,6.012467509215066,196.3781414084803,654593.8046949258,3273,1636,1028.9289070034338,514.3072691285113,205783.83379039692,-2.9077385508788796,0.5134474327628362,0.029494984468891948,-0.27020284026775304,190.47664702162183,-130.17106659002627,1326,310,-159.2113913576438,-31.09428254161839,76.34346694444444,-190.45758863851006,{},100.0,True
A current (TP6/SL6 taker),IS,-133.71518146448943,3.016549931350985,136.61780779585416,455392.6926528415,2277,1138,1193.0443225151998,596.260184023846,238605.03578585063,-2.936261025304247,0.507908611599297,0.031030827842388774,-0.27049477920964643,133.71518146448943,-151.2579149501413,919,219,-112.42475499426209,-21.116502870239216,45.805506944444446,,{},100.0,True
A current (TP6/SL6 taker),OOS,-56.528263645355764,3.1452049620120697,59.700378398840634,199001.26132946723,995,497,782.023075357049,390.6185612587471,156405.6064168862,-2.8405982589109002,0.5271629778672032,0.02610674985102491,-0.2695112421182837,56.716335602262916,-104.56432270560698,406,91,-46.51739376544898,-9.977779671379173,30.536183333333334,,{},100.0,True
B taker entry + maker TP 6 / SL6,full,-181.35547218353167,-18.979578257461778,162.4028037175428,652982.2790584641,3265,1632,1026.4139570321452,513.0497941428671,205277.22049625317,-2.777341407258836,0.5128676470588235,0.03999290322579823,-0.2701842037421316,181.49335509736193,-120.90866901289425,1323,309,-150.44877081794667,-30.873611157054796,76.34346694444444,-181.47429671425016,"{""entry_exec"": ""taker"", ""tp_exec"": ""maker""}",99.75557592422854,True
B taker entry + maker TP 6 / SL6,IS,-128.32994107925697,-15.008498462796247,113.20751901647421,454184.7967215778,2271,1135,1189.900595710153,594.6883206213226,237972.15331638054,-2.82550058931024,0.507488986784141,0.03999312499999177,-0.27046879692176234,128.32994107925697,-138.663858362083,917,218,-107.01048467544777,-21.145532803822125,45.805506944444446,,"{""entry_exec"": ""taker"", ""tp_exec"": ""maker""}",99.7364953886693,True
B taker entry + maker TP 6 / SL6,OOS,-52.93021210632651,-3.821792410517537,49.13532948728164,198597.63162427038,993,496,780.4511696779396,389.8326084191923,156088.37250395806,-2.6651985561673723,0.5262096774193549,0.03999241379309525,-0.2695112421182837,53.11828406323366,-99.00595466440164,405,91,-43.16904354456615,-9.728078353232668,30.536183333333334,,"{""entry_exec"": ""taker"", ""tp_exec"": ""maker""}",99.79899497487436,True
"C maker entry(60s)+maker TP 6/SL6, sticky600",full,-142.48644673207127,-60.38769717245765,82.16162975854222,508162.2858618067,2541,1270,798.8109846305301,399.24830794205957,159750.34077976024,-2.8039555609764406,0.3826771653543307,0.07999274074073207,-0.2313849476160659,142.6589627989306,-115.19175985708996,1026,244,-115.50684240718392,-27.022484523815976,76.34346694444444,-142.5410452035776,"{""entry_exec"": ""maker"", ""tp_exec"": ""maker"", ""maker_wait_s"": 60, ""sticky_s"": 600}",77.63519706691109,True
"C maker entry(60s)+maker TP 6/SL6, sticky600",IS,-100.28557374808042,-42.765117151825535,57.40677020219297,354971.660673972,1775,887,930.0191798262975,464.7476126793949,185988.98744878097,-2.825171270226806,0.38218714768883877,0.07999302654866469,-0.23224365575550107,100.32018210592287,-134.84565823366353,715,172,-82.01512392322533,-18.136763430791927,45.805506944444446,,"{""entry_exec"": ""maker"", ""tp_exec"": ""maker"", ""maker_wait_s"": 60, ""sticky_s"": 600}",77.95344751866492,True
"C maker entry(60s)+maker TP 6/SL6, sticky600",OOS,-42.04758429624599,-17.37555483126762,24.734909663907246,153390.87221302433,767,383,602.8258279385493,301.0199375494973,120557.9915776175,-2.7412051114652796,0.38642297650130547,0.07999205405404371,-0.22948633402201454,42.27568104833881,-90.32628305583145,311,72,-33.20474340215091,-8.885721093024046,30.536183333333334,,"{""entry_exec"": ""maker"", ""tp_exec"": ""maker"", ""maker_wait_s"": 60, ""sticky_s"": 600}",77.0854271356784,True
"D taker, maker TP6 / SL4, funding tilt",full,-147.14456102957047,-6.354230136958455,140.79033089261117,553193.9296420309,2766,1383,869.543952573021,434.7719762865105,173906.88218377918,-2.6599091773256984,0.45480838756326825,0.03999376152622488,-0.22851543372621186,147.14456102957047,-129.85575742870958,1074,309,-115.95895836385637,-31.18560266571192,76.34346694444444,-147.24358807536373,"{""tp"": 6, ""sl"": 4, ""entry_exec"": ""taker"", ""tp_exec"": ""maker"", ""fund_tilt"": true}",84.5096241979835,True
"D taker, maker TP6 / SL4, funding tilt",IS,-102.96910915454646,-5.055943797645543,97.91316535689955,384394.73785632825,1922,961,1007.0404865499403,503.52024327497014,201405.34018630258,-2.6787335781124115,0.45265348595213317,0.03999395862068234,-0.22883361436224556,102.96910915454646,-146.42385101516356,743,218,-81.22964802102638,-21.73946113351797,45.805506944444446,,"{""tp"": 6, ""sl"": 4, ""entry_exec"": ""taker"", ""tp_exec"": ""maker"", ""fund_tilt"": true}",84.40931049626703,True
"D taker, maker TP6 / SL4, funding tilt",OOS,-44.17545187502401,-1.29828633931291,42.877165535711214,168799.19178570324,844,422,663.3441965842708,331.6720982921354,132668.20409853265,-2.6170416699095553,0.4597156398104265,0.039993319587621805,-0.2277813854167657,44.22564091810091,-109.61652564361718,331,91,-34.72931034283,-9.446141532193947,30.536183333333334,,"{""tp"": 6, ""sl"": 4, ""entry_exec"": ""taker"", ""tp_exec"": ""maker"", ""fund_tilt"": true}",84.82412060301507,True
"E maker entry(15s), trail 4/2, SL15, 120s time stop, no-chase, sticky600",full,-129.84240049118853,-34.570289352116006,95.27211113907308,476373.7037969117,2382,1191,748.82635395117,374.413176975585,149757.00408583373,-2.7256416434468664,0.1897565071368598,0.08912415713167018,-0.15542431088388278,129.87700884903097,-168.62081425571807,1030,161,-112.82411624651998,-17.01828424466942,76.34346694444444,-129.87162236439326,"{""tp"": 1000000.0, ""sl"": 15, ""trail_act"": 4, ""trail_dist"": 2, ""max_hold_s"": 120, ""entry_exec"": ""maker"", ""tp_exec"": ""taker"", ""maker_wait_s"": 15, ""sticky_s"": 600, ""regime"": [""no_chase"", 0.2]}",72.77726856095326,True
"E maker entry(15s), trail 4/2, SL15, 120s time stop, no-chase, sticky600",IS,-86.00832515962065,-22.060450551975016,63.77490425106591,318983.01417021645,1595,797,835.7073756748983,417.5917106036953,167132.57533358026,-2.6963293134387616,0.20075282308657466,0.09440156371558647,-0.15842952118922088,86.0429335174631,-203.2010036910882,689,108,-74.63728322585209,-11.17807157718777,45.805506944444446,,"{""tp"": 1000000.0, ""sl"": 15, ""trail_act"": 4, ""trail_dist"": 2, ""max_hold_s"": 120, ""entry_exec"": ""maker"", ""tp_exec"": ""taker"", ""maker_wait_s"": 15, ""sticky_s"": 600, ""regime"": [""no_chase"", 0.2]}",70.04830917874396,True
"E maker entry(15s), trail 4/2, SL15, 120s time stop, no-chase, sticky600",OOS,-43.796898016045816,-12.359646070218623,31.437251945827413,157190.8398194251,786,393,617.758931890091,308.8794659450455,123544.58690808454,-2.7862245704875703,0.16793893129770993,0.07633404362697258,-0.14934233912974412,43.955934590319885,-130.08586913018664,340,53,-37.9566853485645,-5.840212667481651,30.536183333333334,,"{""tp"": 1000000.0, ""sl"": 15, ""trail_act"": 4, ""trail_dist"": 2, ""max_hold_s"": 120, ""entry_exec"": ""maker"", ""tp_exec"": ""taker"", ""maker_wait_s"": 15, ""sticky_s"": 600, ""regime"": [""no_chase"", 0.2]}",78.99497487437186,True
"F taker TP20/SL4, 120s time stop, score>=0.6, sticky30",full,-125.79238099546455,11.60845116561093,137.40083216107624,458002.77387024846,2290,1145,719.9044292813514,359.9522146406757,143981.757874383,-2.746541902628331,0.19213973799126638,0.1514410388834586,-0.17201017248629666,125.79238099546455,-133.1334271738897,925,220,-103.81099664126567,-21.981384354197868,76.34346694444444,-125.82802626597186,"{""tp"": 20, ""sl"": 4, ""max_hold_s"": 120, ""score_thr"": 0.6, ""sticky_s"": 30}",69.96639168958141,False
"F taker TP20/SL4, 120s time stop, score>=0.6, sticky30",IS,-87.10831046922613,8.532281442482581,95.64059191170958,318801.9730390284,1594,797,835.1834212073906,417.5917106036953,167037.71802409162,-2.7323642209253878,0.19698870765370138,0.15728712292588415,-0.17469123245092155,87.10831046922613,-154.47900727218178,640,157,-71.54891556254589,-15.5593949066801,45.805506944444446,,"{""tp"": 20, ""sl"": 4, ""max_hold_s"": 120, ""score_thr"": 0.6, ""sticky_s"": 30}",70.00439174352218,True
"F taker TP20/SL4, 120s time stop, score>=0.6, sticky30",OOS,-38.68407052623661,3.076169723128348,41.76024024936596,139200.8008312195,696,348,547.023176330157,273.5115881650785,109405.26468160236,-2.7790120671174092,0.1810344827586207,0.13687222626979498,-0.1659895466008233,38.8261629306744,-105.86167637003831,285,63,-32.26208107871979,-6.421989447517771,30.536183333333334,,"{""tp"": 20, ""sl"": 4, ""max_hold_s"": 120, ""score_thr"": 0.6, ""sticky_s"": 30}",69.9497487437186,False
"G maker entry(60s), TP20/SL10, 120s stop, score>=0.6, sticky600",full,-142.39565278669397,-36.804920540344305,105.59073224634847,527969.1074878309,2640,1320,829.9334905252263,414.96674526261313,165976.98646472115,-2.6970451635747654,0.2015151515151515,0.10433733122468777,-0.16143205208013345,142.43026114453642,-203.33844727561385,1094,226,-121.35856173957998,-21.03709104711373,76.34346694444444,-142.45826946258603,"{""tp"": 20, ""sl"": 10, ""max_hold_s"": 120, ""entry_exec"": ""maker"", ""tp_exec"": ""taker"", ""maker_wait_s"": 60, ""sticky_s"": 600, ""score_thr"": 0.6}",80.65994500458295,True
"G maker entry(60s), TP20/SL10, 120s stop, score>=0.6, sticky600",IS,-95.3624676612144,-24.050017590206554,71.13331620106581,355777.72067021695,1779,889,932.1149976963287,465.79552161441046,186411.32618489282,-2.68039458686648,0.2047244094488189,0.11000012309374656,-0.16291846703583227,95.39707601905684,-229.05935281434878,735,154,-81.95772428465648,-13.205609506615074,45.805506944444446,,"{""tp"": 20, ""sl"": 10, ""max_hold_s"": 120, ""entry_exec"": ""maker"", ""tp_exec"": ""taker"", ""maker_wait_s"": 60, ""sticky_s"": 600, ""score_thr"": 0.6}",78.12911725955203,True
"G maker entry(60s), TP20/SL10, 120s stop, score>=0.6, sticky600",OOS,-46.84884934485672,-12.371318224153518,34.477531120702125,172391.77040234057,862,431,677.4913476962577,338.74567384812883,135491.8014636027,-2.7175803830726624,0.19721577726218098,0.09214395729718498,-0.15803781998588565,47.03094174929356,-172.43100787360896,359,72,-39.017367804357065,-7.831481540498654,30.536183333333334,,"{""tp"": 20, ""sl"": 10, ""max_hold_s"": 120, ""entry_exec"": ""maker"", ""tp_exec"": ""taker"", ""maker_wait_s"": 60, ""sticky_s"": 600, ""score_thr"": 0.6}",86.63316582914572,True
"H current rules, long-only",full,-159.2444815661729,-0.09141878327879893,159.17997257436753,530599.9085812166,2653,1326,834.0202842285701,416.8529577410795,166804.02810650566,-3.0012157746498755,0.504524886877828,0.026692150981590754,-0.26951056372043836,159.38236448000316,-128.52113028611515,1326,0,-159.2113913576438,0.0,76.34346694444444,-159.3633060968914,"{""side"": ""long""}",81.05713412771158,True
"H current rules, long-only",IS,-112.59867859424958,-2.1453986138462393,110.33935638041721,367797.85460138606,1839,919,963.552265746795,481.5141556396436,192709.32905817064,-3.0614283684792665,0.49510337323177367,0.027885615884768428,-0.26963946168498215,112.59867859424958,-151.64934084837788,919,0,-112.42475499426209,0.0,45.805506944444446,,"{""side"": ""long""}",80.76416337285902,True
"H current rules, long-only",OOS,-46.55048397397513,2.2032672147154315,48.78066098016461,162602.20326721447,813,406,638.9796585580713,319.0968528592582,127797.66337573777,-2.862844601033836,0.5270935960591133,0.024154643827638222,-0.26920045596126857,46.738555930882285,-100.39838533985608,406,0,-46.51739376544898,0.0,30.536183333333334,,"{""side"": ""long""}",81.70854271356785,True
"I current rules, short-only",full,-31.094282541618668,6.103886292493863,37.198168834112174,123993.89611370747,620,310,194.90862277486372,97.45431138743186,38979.80568389073,-2.507726873353825,0.5516129032258065,0.040460455831491375,-0.2734749675453483,31.195059040132037,-91.22352547816233,0,310,0.0,-31.09428254161839,76.34346694444444,-31.094282541618668,"{""side"": ""short""}",18.94286587228842,False
"I current rules, short-only",IS,-21.116502870239856,5.161948545197225,26.278451415436344,87594.83805145478,438,219,229.49205676840472,114.74602838420236,45895.70672767962,-2.4107017422460038,0.5616438356164384,0.04266555500269168,-0.2746288139121906,21.225674713163244,-99.94944222893224,0,219,0.0,-21.116502870239216,45.805506944444446,,"{""side"": ""short""}",19.235836627140976,False
"I current rules, short-only",OOS,-9.977779671378812,0.9419377472966384,10.91971741867581,36399.058062252705,182,91,143.04341679897783,71.52170839948892,28607.94304114839,-2.741219197022621,0.5274725274725275,0.03480988920529057,-0.27089893844728186,10.022437167828684,-78.53521252945228,0,91,0.0,-9.977779671379173,30.536183333333334,,"{""side"": ""short""}",18.291457286432163,False
J (low-freq side note) taker TP20/SL15,full,-39.21698053284308,-4.448139023794993,34.618482589678884,115394.94196559665,577,288,181.3907666791877,90.53819896638831,36276.56324790285,-3.398500823765314,0.4131944444444444,0.31805290358206867,-0.454762823312072,39.25963385545401,-60.655561424049964,217,71,-30.79166078757259,-8.214960825901393,76.34346694444444,-39.27118851708292,"{""tp"": 20, ""sl"": 15}",17.629086465016805,False
J (low-freq side note) taker TP20/SL15,IS,-28.434314903932318,-3.8277231210575686,24.537937629951227,81793.12543317104,409,204,214.2973772106793,106.88671137158575,42855.87348213364,-3.4763697747635938,0.4068627450980392,0.322447471979758,-0.4551140572341221,28.622935656252594,-68.62390994344362,151,53,-23.469539631531966,-4.836121119476903,45.805506944444446,,"{""tp"": 20, ""sl"": 15}",17.962231005709267,False
J (low-freq side note) taker TP20/SL15,OOS,-11.380126424635819,-0.7292669632425942,10.500500542024605,35001.66847341535,175,87,137.54174692209406,68.37789704126962,27509.66072583733,-3.2513097006445024,0.42528735632183906,0.3072013188996538,-0.45072432609108787,11.56487215168454,-50.11124613755485,69,18,-7.810537654909376,-3.359229850357827,30.536183333333334,,"{""tp"": 20, ""sl"": 15}",17.587939698492463,False
"K (low-freq side note) short-only fade-range, maker entry, TP30/SL20",full,1.1465553245234332,2.6657555978441803,1.5192002733206469,7597.334244402156,38,19,11.94601236362068,5.97300618181034,2388.3644424786035,1.509154774081757,0.5263157894736842,0.5758230511493503,-0.5124083541077744,2.036410681615962,5.974281617909167,0,19,0.0,1.146555324523532,76.34346694444444,1.1465553245234332,"{""tp"": 30, ""sl"": 20, ""entry_exec"": ""maker"", ""maker_wait_s"": 15, ""side"": ""short"", ""regime"": [""fade_only"", 0.25]}",1.1610143599144516,False
"K (low-freq side note) short-only fade-range, maker entry, TP30/SL20",IS,2.6481127045481117,3.766982609765335,1.1188699052170705,5596.233017390234,28,14,14.670725090217651,7.335362545108826,2932.171290676119,4.731955757237288,0.6428571428571429,0.5816708212380326,-0.5173849373188057,1.3637618053871847,20.446621450214298,0,14,0.0,2.648112704548265,45.805506944444446,,"{""tp"": 30, ""sl"": 20, ""entry_exec"": ""maker"", ""maker_wait_s"": 15, ""side"": ""short"", ""regime"": [""fade_only"", 0.25]}",1.2296881862099254,False
"K (low-freq side note) short-only fade-range, maker entry, TP30/SL20",OOS,-1.5015573800246784,-1.1012270119211556,0.40033036810357636,2001.101227011921,10,5,7.8595283955482325,3.9297641977741162,1572.7711916066605,-7.503655286178749,0.2,0.5231931203512089,-0.5061876250939852,2.036410681615962,-27.234737225699654,0,5,0.0,-1.501557380024732,30.536183333333334,,"{""tp"": 30, ""sl"": 20, ""entry_exec"": ""maker"", ""maker_wait_s"": 15, ""side"": ""short"", ""regime"": [""fade_only"", 0.25]}",1.0050251256281406,False
